http://xmlns.com/foaf/0.1#AlfonsKemper,http://xmlns.com/foaf/0.1#AlfonsKemper
http://confOf#paper204,http://ekaw#paper400
http://xmlns.com/foaf/0.1#GregNoeninckx,http://xmlns.com/foaf/0.1#GregNoeninckx
http://xmlns.com/foaf/0.1#JessicaYan,http://xmlns.com/foaf/0.1#JessicaYan
http://xmlns.com/foaf/0.1#EwaDeelman,http://xmlns.com/foaf/0.1#EwaDeelman
http://xmlns.com/foaf/0.1#Kam-FaiWong,http://xmlns.com/foaf/0.1#Kam-FaiWong
http://xmlns.com/foaf/0.1#KazutoshiWakabayashi,http://xmlns.com/foaf/0.1#KazutoshiWakabayashi
http://xmlns.com/foaf/0.1#WojciechRytter,http://xmlns.com/foaf/0.1#WojciechRytter
http://confOf#DAC-1998,http://ekaw#DAC-1998
http://confOf#paper232,http://ekaw#paper428
http://xmlns.com/foaf/0.1#GianniFerraro,http://xmlns.com/foaf/0.1#GianniFerraro
http://xmlns.com/foaf/0.1#SabinaFalasconi,http://xmlns.com/foaf/0.1#SabinaFalasconi
http://xmlns.com/foaf/0.1#RandyGoebel,http://xmlns.com/foaf/0.1#RandyGoebel
http://confOf#paper271,http://ekaw#paper467
http://confOf#paper274,http://ekaw#paper470
http://xmlns.com/foaf/0.1#MarcoProtti,http://xmlns.com/foaf/0.1#MarcoProtti
http://xmlns.com/foaf/0.1#KennethFordyce,http://xmlns.com/foaf/0.1#KennethFordyce
http://confOf#paper211,http://ekaw#paper407
http://confOf#VL/HCC-2005,http://ekaw#VL/HCC-2005
http://confOf#paper242,http://ekaw#paper438
http://confOf#paper203,http://ekaw#paper399
http://confOf#ITC-1995,http://ekaw#ITC-1995
http://confOf#BTW-1991,http://ekaw#BTW-1991
http://xmlns.com/foaf/0.1#JanghoonLyu,http://xmlns.com/foaf/0.1#JanghoonLyu
http://confOf#CPM-1999,http://ekaw#CPM-1999
http://confOf#ITC-1986,http://ekaw#ITC-1986
http://xmlns.com/foaf/0.1#MarcelloDalpasso,http://xmlns.com/foaf/0.1#MarcelloDalpasso
http://confOf#paper281,http://ekaw#paper477
http://xmlns.com/foaf/0.1#DebinZhao,http://xmlns.com/foaf/0.1#DebinZhao
http://confOf#ICGT-2004,http://ekaw#ICGT-2004
http://xmlns.com/foaf/0.1#YongsubKim,http://xmlns.com/foaf/0.1#YongsubKim
http://xmlns.com/foaf/0.1#SwarupBhunia,http://xmlns.com/foaf/0.1#SwarupBhunia
http://confOf#paper268,http://ekaw#paper464
http://xmlns.com/foaf/0.1#PranavAshar,http://xmlns.com/foaf/0.1#PranavAshar
http://confOf#paper246,http://ekaw#paper442
http://confOf#AI*IA-2003,http://ekaw#AI*IA-2003
http://xmlns.com/foaf/0.1#DaphneKoller,http://xmlns.com/foaf/0.1#DaphneKoller
http://confOf#DAC-1991,http://ekaw#DAC-1991
http://xmlns.com/foaf/0.1#MichaelJampel,http://xmlns.com/foaf/0.1#MichaelJampel
http://confOf#DNA-2001,http://ekaw#DNA-2001
http://confOf#KI-2005,http://ekaw#KI-2005
http://xmlns.com/foaf/0.1#DominikSlezak,http://xmlns.com/foaf/0.1#DominikSlezak
http://xmlns.com/foaf/0.1#ShuchiChawla,http://xmlns.com/foaf/0.1#ShuchiChawla
http://confOf#VMV-2002,http://ekaw#VMV-2002
http://confOf#paper264,http://ekaw#paper460
http://confOf#paper256,http://ekaw#paper452
http://xmlns.com/foaf/0.1#EmilioMancini,http://xmlns.com/foaf/0.1#EmilioMancini
http://xmlns.com/foaf/0.1#MaritaFranzke,http://xmlns.com/foaf/0.1#MaritaFranzke
http://confOf#SAC-1996,http://ekaw#SAC-1996
http://xmlns.com/foaf/0.1#WallapakTavanapong,http://xmlns.com/foaf/0.1#WallapakTavanapong
http://xmlns.com/foaf/0.1#EnricoMacii,http://xmlns.com/foaf/0.1#EnricoMacii
http://xmlns.com/foaf/0.1#MatthiasFrank,http://xmlns.com/foaf/0.1#MatthiasFrank
http://xmlns.com/foaf/0.1#YoshihiroYasutake,http://xmlns.com/foaf/0.1#YoshihiroYasutake
http://confOf#paper280,http://ekaw#paper476
http://xmlns.com/foaf/0.1#Chih-PingLuo,http://xmlns.com/foaf/0.1#Chih-PingLuo
http://confOf#KDD-1997,http://ekaw#KDD-1997
http://confOf#paper259,http://ekaw#paper455
http://xmlns.com/foaf/0.1#FabioSomenzi,http://xmlns.com/foaf/0.1#FabioSomenzi
http://xmlns.com/foaf/0.1#WeiliRen,http://xmlns.com/foaf/0.1#WeiliRen
http://xmlns.com/foaf/0.1#BoCao,http://xmlns.com/foaf/0.1#BoCao
http://xmlns.com/foaf/0.1#FranciscoDelicado,http://xmlns.com/foaf/0.1#FranciscoDelicado
http://confOf#DFT-2003,http://ekaw#DFT-2003
http://confOf#paper272,http://ekaw#paper468
http://xmlns.com/foaf/0.1#JianwenSu,http://xmlns.com/foaf/0.1#JianwenSu
http://confOf#paper225,http://ekaw#paper421
http://xmlns.com/foaf/0.1#MartinDoerr,http://xmlns.com/foaf/0.1#MartinDoerr
http://xmlns.com/foaf/0.1#TeroHarju,http://xmlns.com/foaf/0.1#TeroHarju
http://confOf#WWWPosters-2001,http://ekaw#WWWPosters-2001
http://confOf#ACCV(2)-1998,http://ekaw#ACCV(2)-1998
http://confOf#paper245,http://ekaw#paper441
http://xmlns.com/foaf/0.1#MichelangeloCeci,http://xmlns.com/foaf/0.1#MichelangeloCeci
http://xmlns.com/foaf/0.1#AnastasiaAnalyti,http://xmlns.com/foaf/0.1#AnastasiaAnalyti
http://xmlns.com/foaf/0.1#KuniakiUehara,http://xmlns.com/foaf/0.1#KuniakiUehara
http://xmlns.com/foaf/0.1#Rung-ShiangCheng,http://xmlns.com/foaf/0.1#Rung-ShiangCheng
http://xmlns.com/foaf/0.1#HuiZheng,http://xmlns.com/foaf/0.1#HuiZheng
http://xmlns.com/foaf/0.1#MakotoYokoo,http://xmlns.com/foaf/0.1#MakotoYokoo
http://confOf#AINA-2005,http://ekaw#AINA-2005
http://confOf#paper227,http://ekaw#paper423
http://xmlns.com/foaf/0.1#WhieChang,http://xmlns.com/foaf/0.1#WhieChang
http://confOf#paper230,http://ekaw#paper426
http://xmlns.com/foaf/0.1#TakuoSuganuma,http://xmlns.com/foaf/0.1#TakuoSuganuma
http://confOf#IMR-2004,http://ekaw#IMR-2004
http://confOf#paper235,http://ekaw#paper431
http://confOf#paper249,http://ekaw#paper445
http://xmlns.com/foaf/0.1#MatteoSereno,http://xmlns.com/foaf/0.1#MatteoSereno
http://confOf#ER-1999,http://ekaw#ER-1999
http://confOf#paper202,http://ekaw#paper398
http://confOf#EJC-1998,http://ekaw#EJC-1998
http://confOf#paper282,http://ekaw#paper478
http://confOf#paper267,http://ekaw#paper463
http://confOf#paper214,http://ekaw#paper410
http://xmlns.com/foaf/0.1#Jun-taoGuo,http://xmlns.com/foaf/0.1#Jun-taoGuo
http://xmlns.com/foaf/0.1#Marie-GabrielleVallet,http://xmlns.com/foaf/0.1#Marie-GabrielleVallet
http://xmlns.com/foaf/0.1#Kwang-BaekKim,http://xmlns.com/foaf/0.1#Kwang-BaekKim
http://xmlns.com/foaf/0.1#WillieBenitez,http://xmlns.com/foaf/0.1#WillieBenitez
http://xmlns.com/foaf/0.1#RicardoCamarero,http://xmlns.com/foaf/0.1#RicardoCamarero
http://confOf#paper276,http://ekaw#paper472
http://xmlns.com/foaf/0.1#DavidGilbert,http://xmlns.com/foaf/0.1#DavidGilbert
http://xmlns.com/foaf/0.1#QingjiZeng,http://xmlns.com/foaf/0.1#QingjiZeng
http://xmlns.com/foaf/0.1#DomenicoLaforenza,http://xmlns.com/foaf/0.1#DomenicoLaforenza
http://xmlns.com/foaf/0.1#ManiSoma,http://xmlns.com/foaf/0.1#ManiSoma
http://xmlns.com/foaf/0.1#NadiaBianchi,http://xmlns.com/foaf/0.1#NadiaBianchi
http://xmlns.com/foaf/0.1#KimioKawaguchi,http://xmlns.com/foaf/0.1#KimioKawaguchi
http://confOf#paper209,http://ekaw#paper405
http://confOf#paper258,http://ekaw#paper454
http://confOf#APL-1991,http://ekaw#APL-1991
http://xmlns.com/foaf/0.1#Hans-DirkWalter,http://xmlns.com/foaf/0.1#Hans-DirkWalter
http://xmlns.com/foaf/0.1#RameshRao,http://xmlns.com/foaf/0.1#RameshRao
http://confOf#AAAI-2004,http://ekaw#AAAI-2004
http://xmlns.com/foaf/0.1#Wu-ShiungFeng,http://xmlns.com/foaf/0.1#Wu-ShiungFeng
http://confOf#paper210,http://ekaw#paper406
http://xmlns.com/foaf/0.1#AndreasZachmann,http://xmlns.com/foaf/0.1#AndreasZachmann
http://confOf#paper291,http://ekaw#paper487
http://xmlns.com/foaf/0.1#SeungjooKim,http://xmlns.com/foaf/0.1#SeungjooKim
http://xmlns.com/foaf/0.1#GenoveffaTortora,http://xmlns.com/foaf/0.1#GenoveffaTortora
http://confOf#paper265,http://ekaw#paper461
http://xmlns.com/foaf/0.1#DougMirizzi,http://xmlns.com/foaf/0.1#DougMirizzi
http://xmlns.com/foaf/0.1#Yao-WenChang,http://xmlns.com/foaf/0.1#Yao-WenChang
http://xmlns.com/foaf/0.1#JunjieYang,http://xmlns.com/foaf/0.1#JunjieYang
http://xmlns.com/foaf/0.1#YaodongFeng,http://xmlns.com/foaf/0.1#YaodongFeng
http://xmlns.com/foaf/0.1#ArijitRaychowdhury,http://xmlns.com/foaf/0.1#ArijitRaychowdhury
http://xmlns.com/foaf/0.1#UriLerner,http://xmlns.com/foaf/0.1#UriLerner
http://xmlns.com/foaf/0.1#RonShamir,http://xmlns.com/foaf/0.1#RonShamir
http://xmlns.com/foaf/0.1#StefanoCaldrer,http://xmlns.com/foaf/0.1#StefanoCaldrer
http://xmlns.com/foaf/0.1#Y.He,http://xmlns.com/foaf/0.1#Y.He
http://confOf#paper251,http://ekaw#paper447
http://confOf#WWW-2003,http://ekaw#WWW-2003
http://xmlns.com/foaf/0.1#KazutoKamikura,http://xmlns.com/foaf/0.1#KazutoKamikura
http://xmlns.com/foaf/0.1#MasahiroUmehira,http://xmlns.com/foaf/0.1#MasahiroUmehira
http://xmlns.com/foaf/0.1#FrankKolf,http://xmlns.com/foaf/0.1#FrankKolf
http://xmlns.com/foaf/0.1#Feng-JenKuo,http://xmlns.com/foaf/0.1#Feng-JenKuo
http://xmlns.com/foaf/0.1#TheodorosKaroubalis,http://xmlns.com/foaf/0.1#TheodorosKaroubalis
http://xmlns.com/foaf/0.1#Ching-TangHsieh,http://xmlns.com/foaf/0.1#Ching-TangHsieh
http://xmlns.com/foaf/0.1#HongyangQu,http://xmlns.com/foaf/0.1#HongyangQu
http://confOf#ITC-2002,http://ekaw#ITC-2002
http://xmlns.com/foaf/0.1#AndreaFusiello,http://xmlns.com/foaf/0.1#AndreaFusiello
http://confOf#PVM/MPI-1998,http://ekaw#PVM/MPI-1998
http://xmlns.com/foaf/0.1#MartinSweeting,http://xmlns.com/foaf/0.1#MartinSweeting
http://xmlns.com/foaf/0.1#ToshiakiMiyazaki,http://xmlns.com/foaf/0.1#ToshiakiMiyazaki
http://xmlns.com/foaf/0.1#ZoranObradovic,http://xmlns.com/foaf/0.1#ZoranObradovic
http://xmlns.com/foaf/0.1#Yen-LinPeng,http://xmlns.com/foaf/0.1#Yen-LinPeng
http://xmlns.com/foaf/0.1#GrzegorzRozenberg,http://xmlns.com/foaf/0.1#GrzegorzRozenberg
http://xmlns.com/foaf/0.1#YuanZhang,http://xmlns.com/foaf/0.1#YuanZhang
http://confOf#paper270,http://ekaw#paper466
http://confOf#HCI(1)-1999,http://ekaw#HCI(1)-1999
http://xmlns.com/foaf/0.1#Jang-MokKim,http://xmlns.com/foaf/0.1#Jang-MokKim
http://confOf#LCR-2000,http://ekaw#LCR-2000
http://xmlns.com/foaf/0.1#HansTompits,http://xmlns.com/foaf/0.1#HansTompits
http://confOf#ISI-2005,http://ekaw#ISI-2005
http://confOf#paper288,http://ekaw#paper484
http://confOf#HCI(1)-1997,http://ekaw#HCI(1)-1997
http://confOf#ECI-1978,http://ekaw#ECI-1978
http://xmlns.com/foaf/0.1#X.Zhou,http://xmlns.com/foaf/0.1#X.Zhou
http://confOf#DAC-1995,http://ekaw#DAC-1995
http://xmlns.com/foaf/0.1#GokceLaleci,http://xmlns.com/foaf/0.1#GokceLaleci
http://xmlns.com/foaf/0.1#SujitDey,http://xmlns.com/foaf/0.1#SujitDey
http://confOf#paper231,http://ekaw#paper427
http://confOf#paper218,http://ekaw#paper414
http://confOf#IFM-2005,http://ekaw#IFM-2005
http://xmlns.com/foaf/0.1#AntonioGarrido,http://xmlns.com/foaf/0.1#AntonioGarrido
http://xmlns.com/foaf/0.1#YongmeiLiu,http://xmlns.com/foaf/0.1#YongmeiLiu
http://confOf#SLP-1984,http://ekaw#SLP-1984
http://xmlns.com/foaf/0.1#HongMei,http://xmlns.com/foaf/0.1#HongMei
http://xmlns.com/foaf/0.1#ZdenekPohl,http://xmlns.com/foaf/0.1#ZdenekPohl
http://confOf#AIME-1997,http://ekaw#AIME-1997
http://confOf#paper261,http://ekaw#paper457
http://xmlns.com/foaf/0.1#StephenHodgart,http://xmlns.com/foaf/0.1#StephenHodgart
http://confOf#paper286,http://ekaw#paper482
http://confOf#VL-1992,http://ekaw#VL-1992
http://xmlns.com/foaf/0.1#EtsuyaShibayama,http://xmlns.com/foaf/0.1#EtsuyaShibayama
http://xmlns.com/foaf/0.1#VincenzoColonna,http://xmlns.com/foaf/0.1#VincenzoColonna
http://xmlns.com/foaf/0.1#MasayukiYuguchi,http://xmlns.com/foaf/0.1#MasayukiYuguchi
http://xmlns.com/foaf/0.1#SungjunPark,http://xmlns.com/foaf/0.1#SungjunPark
http://xmlns.com/foaf/0.1#HideoTodokoro,http://xmlns.com/foaf/0.1#HideoTodokoro
http://xmlns.com/foaf/0.1#Sao-JieChen,http://xmlns.com/foaf/0.1#Sao-JieChen
http://confOf#DFT-2004,http://ekaw#DFT-2004
http://xmlns.com/foaf/0.1#RobertBreaux,http://xmlns.com/foaf/0.1#RobertBreaux
http://xmlns.com/foaf/0.1#MilindTambe,http://xmlns.com/foaf/0.1#MilindTambe
http://xmlns.com/foaf/0.1#UmbertoVillano,http://xmlns.com/foaf/0.1#UmbertoVillano
http://confOf#TES-2002,http://ekaw#TES-2002
http://xmlns.com/foaf/0.1#UdoFeldkamp,http://xmlns.com/foaf/0.1#UdoFeldkamp
http://xmlns.com/foaf/0.1#YupinLuo,http://xmlns.com/foaf/0.1#YupinLuo
http://xmlns.com/foaf/0.1#MaxSchmautz,http://xmlns.com/foaf/0.1#MaxSchmautz
http://xmlns.com/foaf/0.1#HirohideEndoh,http://xmlns.com/foaf/0.1#HirohideEndoh
http://confOf#paper254,http://ekaw#paper450
http://xmlns.com/foaf/0.1#PiotrSynak,http://xmlns.com/foaf/0.1#PiotrSynak
http://confOf#paper262,http://ekaw#paper458
http://xmlns.com/foaf/0.1#MasahiroTabuchi,http://xmlns.com/foaf/0.1#MasahiroTabuchi
http://xmlns.com/foaf/0.1#YoshiyukiYashima,http://xmlns.com/foaf/0.1#YoshiyukiYashima
http://xmlns.com/foaf/0.1#YolandaGil,http://xmlns.com/foaf/0.1#YolandaGil
http://xmlns.com/foaf/0.1#MarioStefanelli,http://xmlns.com/foaf/0.1#MarioStefanelli
http://confOf#paper199,http://ekaw#paper395
http://confOf#paper208,http://ekaw#paper404
http://confOf#CSB-2004,http://ekaw#CSB-2004
http://confOf#WG-1997,http://ekaw#WG-1997
http://xmlns.com/foaf/0.1#RanieriBaraglia,http://xmlns.com/foaf/0.1#RanieriBaraglia
http://xmlns.com/foaf/0.1#DimitriosSoudris,http://xmlns.com/foaf/0.1#DimitriosSoudris
http://confOf#paper255,http://ekaw#paper451
http://xmlns.com/foaf/0.1#SetsuoOhsuga,http://xmlns.com/foaf/0.1#SetsuoOhsuga
http://confOf#ICC(2)-2000,http://ekaw#ICC(2)-2000
http://confOf#paper287,http://ekaw#paper483
http://xmlns.com/foaf/0.1#LuisOrozco-Barbosa,http://xmlns.com/foaf/0.1#LuisOrozco-Barbosa
http://xmlns.com/foaf/0.1#DietrichSeibt,http://xmlns.com/foaf/0.1#DietrichSeibt
http://confOf#paper216,http://ekaw#paper412
http://confOf#SIP-1999,http://ekaw#SIP-1999
http://xmlns.com/foaf/0.1#MasahiroMambo,http://xmlns.com/foaf/0.1#MasahiroMambo
http://xmlns.com/foaf/0.1#DylanSchmorrow,http://xmlns.com/foaf/0.1#DylanSchmorrow
http://xmlns.com/foaf/0.1#YongseokChang,http://xmlns.com/foaf/0.1#YongseokChang
http://confOf#paper228,http://ekaw#paper424
http://confOf#paper294,http://ekaw#paper490
http://xmlns.com/foaf/0.1#JosephCohn,http://xmlns.com/foaf/0.1#JosephCohn
http://xmlns.com/foaf/0.1#DavidCoquil,http://xmlns.com/foaf/0.1#DavidCoquil
http://xmlns.com/foaf/0.1#YoushouWu,http://xmlns.com/foaf/0.1#YoushouWu
http://xmlns.com/foaf/0.1#SigemituSeitou,http://xmlns.com/foaf/0.1#SigemituSeitou
http://xmlns.com/foaf/0.1#J.Johansson,http://xmlns.com/foaf/0.1#J.Johansson
http://confOf#ICC-1986,http://ekaw#ICC-1986
http://xmlns.com/foaf/0.1#VasantHonavar,http://xmlns.com/foaf/0.1#VasantHonavar
http://confOf#DAC-2001,http://ekaw#DAC-2001
http://xmlns.com/foaf/0.1#JunSawamoto,http://xmlns.com/foaf/0.1#JunSawamoto
http://confOf#DSN-2001,http://ekaw#DSN-2001
http://confOf#paper207,http://ekaw#paper403
http://xmlns.com/foaf/0.1#ErkkiSutinen,http://xmlns.com/foaf/0.1#ErkkiSutinen
http://xmlns.com/foaf/0.1#YoubinChen,http://xmlns.com/foaf/0.1#YoubinChen
http://confOf#VDB-1995,http://ekaw#VDB-1995
http://xmlns.com/foaf/0.1#Cheng-WenWu,http://xmlns.com/foaf/0.1#Cheng-WenWu
http://confOf#paper200,http://ekaw#paper396
http://xmlns.com/foaf/0.1#ShunIdo,http://xmlns.com/foaf/0.1#ShunIdo
http://xmlns.com/foaf/0.1#NikhilBansal,http://xmlns.com/foaf/0.1#NikhilBansal
http://xmlns.com/foaf/0.1#SigeyukiHosoki,http://xmlns.com/foaf/0.1#SigeyukiHosoki
http://confOf#paper285,http://ekaw#paper481
http://xmlns.com/foaf/0.1#RodedSharan,http://xmlns.com/foaf/0.1#RodedSharan
http://xmlns.com/foaf/0.1#RossanoGaeta,http://xmlns.com/foaf/0.1#RossanoGaeta
http://xmlns.com/foaf/0.1#Jeong-inLee,http://xmlns.com/foaf/0.1#Jeong-inLee
http://xmlns.com/foaf/0.1#JanJantzen,http://xmlns.com/foaf/0.1#JanJantzen
http://xmlns.com/foaf/0.1#TakaichiYoshida,http://xmlns.com/foaf/0.1#TakaichiYoshida
http://xmlns.com/foaf/0.1#MasakiKitahara,http://xmlns.com/foaf/0.1#MasakiKitahara
http://xmlns.com/foaf/0.1#JiangtaoYu,http://xmlns.com/foaf/0.1#JiangtaoYu
http://xmlns.com/foaf/0.1#QishanHuang,http://xmlns.com/foaf/0.1#QishanHuang
http://confOf#DAC-2005,http://ekaw#DAC-2005
http://xmlns.com/foaf/0.1#StephenHarrison,http://xmlns.com/foaf/0.1#StephenHarrison
http://confOf#PCM(2)-2004,http://ekaw#PCM(2)-2004
http://xmlns.com/foaf/0.1#YoshihiroMizuno,http://xmlns.com/foaf/0.1#YoshihiroMizuno
http://xmlns.com/foaf/0.1#YingXu,http://xmlns.com/foaf/0.1#YingXu
http://xmlns.com/foaf/0.1#CathleenWharton,http://xmlns.com/foaf/0.1#CathleenWharton
http://xmlns.com/foaf/0.1#Li-YanYuan,http://xmlns.com/foaf/0.1#Li-YanYuan
http://xmlns.com/foaf/0.1#YoshitsuguKakemoto,http://xmlns.com/foaf/0.1#YoshitsuguKakemoto
http://xmlns.com/foaf/0.1#MonicaSebillo,http://xmlns.com/foaf/0.1#MonicaSebillo
http://xmlns.com/foaf/0.1#F.Su,http://xmlns.com/foaf/0.1#F.Su
http://xmlns.com/foaf/0.1#DanieleManini,http://xmlns.com/foaf/0.1#DanieleManini
http://xmlns.com/foaf/0.1#M.Theodorakis,http://xmlns.com/foaf/0.1#M.Theodorakis
http://xmlns.com/foaf/0.1#BrunoBuchberger,http://xmlns.com/foaf/0.1#BrunoBuchberger
http://xmlns.com/foaf/0.1#FaraydonKarim,http://xmlns.com/foaf/0.1#FaraydonKarim
http://xmlns.com/foaf/0.1#AmirBen-Dor,http://xmlns.com/foaf/0.1#AmirBen-Dor
http://xmlns.com/foaf/0.1#Ko-FoaTchon,http://xmlns.com/foaf/0.1#Ko-FoaTchon
http://confOf#AISA-2002,http://ekaw#AISA-2002
http://confOf#paper284,http://ekaw#paper480
http://xmlns.com/foaf/0.1#Jia-HuaiYou,http://xmlns.com/foaf/0.1#Jia-HuaiYou
http://xmlns.com/foaf/0.1#HilmarRauhe,http://xmlns.com/foaf/0.1#HilmarRauhe
http://xmlns.com/foaf/0.1#LionelBrunie,http://xmlns.com/foaf/0.1#LionelBrunie
http://xmlns.com/foaf/0.1#Sung-HoKim,http://xmlns.com/foaf/0.1#Sung-HoKim
http://xmlns.com/foaf/0.1#MingChen,http://xmlns.com/foaf/0.1#MingChen
http://confOf#paper215,http://ekaw#paper411
http://confOf#paper252,http://ekaw#paper448
http://xmlns.com/foaf/0.1#AartiGupta,http://xmlns.com/foaf/0.1#AartiGupta
http://confOf#paper197,http://ekaw#paper393
http://xmlns.com/foaf/0.1#M.Xia,http://xmlns.com/foaf/0.1#M.Xia
http://xmlns.com/foaf/0.1#PengWang,http://xmlns.com/foaf/0.1#PengWang
http://xmlns.com/foaf/0.1#NingZhong,http://xmlns.com/foaf/0.1#NingZhong
http://confOf#VR-2001,http://ekaw#VR-2001
http://xmlns.com/foaf/0.1#Tsung-YiHo,http://xmlns.com/foaf/0.1#Tsung-YiHo
http://xmlns.com/foaf/0.1#AlicjaWieczorkowska,http://xmlns.com/foaf/0.1#AlicjaWieczorkowska
http://xmlns.com/foaf/0.1#StefanWoltran,http://xmlns.com/foaf/0.1#StefanWoltran
http://xmlns.com/foaf/0.1#Chih-TsunHuang,http://xmlns.com/foaf/0.1#Chih-TsunHuang
http://confOf#WAA-2003,http://ekaw#WAA-2003
http://confOf#paper233,http://ekaw#paper429
http://confOf#paper275,http://ekaw#paper471
http://confOf#LCN-2001,http://ekaw#LCN-2001
http://confOf#AAAI-2005,http://ekaw#AAAI-2005
http://xmlns.com/foaf/0.1#LingLu,http://xmlns.com/foaf/0.1#LingLu
http://xmlns.com/foaf/0.1#YunqingXia,http://xmlns.com/foaf/0.1#YunqingXia
http://confOf#paper269,http://ekaw#paper465
http://xmlns.com/foaf/0.1#TakekiYazaki,http://xmlns.com/foaf/0.1#TakekiYazaki
http://xmlns.com/foaf/0.1#ThomasHindelang,http://xmlns.com/foaf/0.1#ThomasHindelang
http://confOf#paper241,http://ekaw#paper437
http://xmlns.com/foaf/0.1#SvanteLinusson,http://xmlns.com/foaf/0.1#SvanteLinusson
http://confOf#VL-1998,http://ekaw#VL-1998
http://xmlns.com/foaf/0.1#GeraldSullivan,http://xmlns.com/foaf/0.1#GeraldSullivan
http://xmlns.com/foaf/0.1#SangmoonLee,http://xmlns.com/foaf/0.1#SangmoonLee
http://xmlns.com/foaf/0.1#ShaoshengLi,http://xmlns.com/foaf/0.1#ShaoshengLi
http://confOf#paper253,http://ekaw#paper449
http://confOf#paper237,http://ekaw#paper433
http://xmlns.com/foaf/0.1#VittorioMurino,http://xmlns.com/foaf/0.1#VittorioMurino
http://confOf#ITC-1992,http://ekaw#ITC-1992
http://xmlns.com/foaf/0.1#WenGao,http://xmlns.com/foaf/0.1#WenGao
http://xmlns.com/foaf/0.1#PeterHorwood,http://xmlns.com/foaf/0.1#PeterHorwood
http://xmlns.com/foaf/0.1#InhwanLee,http://xmlns.com/foaf/0.1#InhwanLee
http://confOf#AINA(2)-2004,http://ekaw#AINA(2)-2004
http://xmlns.com/foaf/0.1#TetsuoIda,http://xmlns.com/foaf/0.1#TetsuoIda
http://confOf#AINA-2003,http://ekaw#AINA-2003
http://xmlns.com/foaf/0.1#KellyNasi,http://xmlns.com/foaf/0.1#KellyNasi
http://xmlns.com/foaf/0.1#Sung-ChuanFang,http://xmlns.com/foaf/0.1#Sung-ChuanFang
http://xmlns.com/foaf/0.1#MakotoSato,http://xmlns.com/foaf/0.1#MakotoSato
http://xmlns.com/foaf/0.1#KenjiIshii,http://xmlns.com/foaf/0.1#KenjiIshii
http://xmlns.com/foaf/0.1#HagbaeKim,http://xmlns.com/foaf/0.1#HagbaeKim
http://confOf#paper292,http://ekaw#paper488
http://xmlns.com/foaf/0.1#ChoukiAktouf,http://xmlns.com/foaf/0.1#ChoukiAktouf
http://confOf#paper201,http://ekaw#paper397
http://xmlns.com/foaf/0.1#ShervinSharifi,http://xmlns.com/foaf/0.1#ShervinSharifi
http://xmlns.com/foaf/0.1#NaohisaOhta,http://xmlns.com/foaf/0.1#NaohisaOhta
http://xmlns.com/foaf/0.1#RattapoomTuchinda,http://xmlns.com/foaf/0.1#RattapoomTuchinda
http://confOf#FPL-2005,http://ekaw#FPL-2005
http://confOf#ILPS-1995,http://ekaw#ILPS-1995
http://confOf#FPL-2003,http://ekaw#FPL-2003
http://confOf#ICN(1)-2005,http://ekaw#ICN(1)-2005
http://xmlns.com/foaf/0.1#SebastianHunt,http://xmlns.com/foaf/0.1#SebastianHunt
http://xmlns.com/foaf/0.1#Ce-KuenShieh,http://xmlns.com/foaf/0.1#Ce-KuenShieh
http://confOf#AMFG-2003,http://ekaw#AMFG-2003
http://confOf#paper263,http://ekaw#paper459
http://confOf#paper223,http://ekaw#paper419
http://xmlns.com/foaf/0.1#LinXu,http://xmlns.com/foaf/0.1#LinXu
http://xmlns.com/foaf/0.1#TevfikBultan,http://xmlns.com/foaf/0.1#TevfikBultan
http://xmlns.com/foaf/0.1#Jeong-HyunCho,http://xmlns.com/foaf/0.1#Jeong-HyunCho
http://confOf#paper198,http://ekaw#paper394
http://xmlns.com/foaf/0.1#UweEgly,http://xmlns.com/foaf/0.1#UweEgly
http://confOf#ICATPN-2003,http://ekaw#ICATPN-2003
http://xmlns.com/foaf/0.1#YoshizumiTanaka,http://xmlns.com/foaf/0.1#YoshizumiTanaka
http://xmlns.com/foaf/0.1#XiaohuaHu,http://xmlns.com/foaf/0.1#XiaohuaHu
http://xmlns.com/foaf/0.1#RobinJeffries,http://xmlns.com/foaf/0.1#RobinJeffries
http://xmlns.com/foaf/0.1#VijayantPalaiya,http://xmlns.com/foaf/0.1#VijayantPalaiya
http://xmlns.com/foaf/0.1#JianWang,http://xmlns.com/foaf/0.1#JianWang
http://confOf#paper250,http://ekaw#paper446
http://confOf#PCM(1)-2005,http://ekaw#PCM(1)-2005
http://confOf#paper243,http://ekaw#paper439
http://xmlns.com/foaf/0.1#HiroyukiKojima,http://xmlns.com/foaf/0.1#HiroyukiKojima
http://confOf#paper220,http://ekaw#paper416
http://xmlns.com/foaf/0.1#TetsuoKinoshita,http://xmlns.com/foaf/0.1#TetsuoKinoshita
http://xmlns.com/foaf/0.1#AndrzejEhrenfeucht,http://xmlns.com/foaf/0.1#AndrzejEhrenfeucht
http://xmlns.com/foaf/0.1#ZhaoxiaJin,http://xmlns.com/foaf/0.1#ZhaoxiaJin
http://xmlns.com/foaf/0.1#AlanGibbons,http://xmlns.com/foaf/0.1#AlanGibbons
http://xmlns.com/foaf/0.1#JunichiToyoda,http://xmlns.com/foaf/0.1#JunichiToyoda
http://confOf#paper234,http://ekaw#paper430
http://confOf#paper206,http://ekaw#paper402
http://xmlns.com/foaf/0.1#HyeonBae,http://xmlns.com/foaf/0.1#HyeonBae
http://confOf#ICC(1)-2000,http://ekaw#ICC(1)-2000
http://confOf#ITC-2001,http://ekaw#ITC-2001
http://xmlns.com/foaf/0.1#Young-HoChai,http://xmlns.com/foaf/0.1#Young-HoChai
http://xmlns.com/foaf/0.1#HisaoKoizumi,http://xmlns.com/foaf/0.1#HisaoKoizumi
http://confOf#paper205,http://ekaw#paper401
http://xmlns.com/foaf/0.1#DaleOhmart,http://xmlns.com/foaf/0.1#DaleOhmart
http://xmlns.com/foaf/0.1#KaushikRoy,http://xmlns.com/foaf/0.1#KaushikRoy
http://xmlns.com/foaf/0.1#DavidThompson,http://xmlns.com/foaf/0.1#DavidThompson
http://xmlns.com/foaf/0.1#TomoyukiFujita,http://xmlns.com/foaf/0.1#TomoyukiFujita
http://confOf#ESA-2003,http://ekaw#ESA-2003
http://confOf#paper221,http://ekaw#paper417
http://xmlns.com/foaf/0.1#JohanThapper,http://xmlns.com/foaf/0.1#JohanThapper
http://xmlns.com/foaf/0.1#NoboruSugie,http://xmlns.com/foaf/0.1#NoboruSugie
http://xmlns.com/foaf/0.1#SaddekBensalem,http://xmlns.com/foaf/0.1#SaddekBensalem
http://xmlns.com/foaf/0.1#RajeshRaina,http://xmlns.com/foaf/0.1#RajeshRaina
http://xmlns.com/foaf/0.1#JieBao,http://xmlns.com/foaf/0.1#JieBao
http://xmlns.com/foaf/0.1#NicolasSpyratos,http://xmlns.com/foaf/0.1#NicolasSpyratos
http://xmlns.com/foaf/0.1#Jung-hoonKwon,http://xmlns.com/foaf/0.1#Jung-hoonKwon
http://xmlns.com/foaf/0.1#KedarDhamdhere,http://xmlns.com/foaf/0.1#KedarDhamdhere
http://confOf#SAC-2004,http://ekaw#SAC-2004
http://xmlns.com/foaf/0.1#RomanBednarik,http://xmlns.com/foaf/0.1#RomanBednarik
http://xmlns.com/foaf/0.1#TomonariKamba,http://xmlns.com/foaf/0.1#TomonariKamba
http://xmlns.com/foaf/0.1#ZijiangYang,http://xmlns.com/foaf/0.1#ZijiangYang
http://confOf#AAAI/IAAI-2000,http://ekaw#AAAI/IAAI-2000
http://confOf#CP-1996,http://ekaw#CP-1996
http://xmlns.com/foaf/0.1#DonatoMalerba,http://xmlns.com/foaf/0.1#DonatoMalerba
http://xmlns.com/foaf/0.1#AntonioRiganelli,http://xmlns.com/foaf/0.1#AntonioRiganelli
http://xmlns.com/foaf/0.1#WeiLiu,http://xmlns.com/foaf/0.1#WeiLiu
http://xmlns.com/foaf/0.1#OsamuKakusho,http://xmlns.com/foaf/0.1#OsamuKakusho
http://xmlns.com/foaf/0.1#Wai-KiangYeap,http://xmlns.com/foaf/0.1#Wai-KiangYeap
http://confOf#SEM-2005,http://ekaw#SEM-2005
http://xmlns.com/foaf/0.1#RichardHull,http://xmlns.com/foaf/0.1#RichardHull
http://confOf#LCN-2004,http://ekaw#LCN-2004
http://xmlns.com/foaf/0.1#HongboXie,http://xmlns.com/foaf/0.1#HongboXie
http://xmlns.com/foaf/0.1#WenXu,http://xmlns.com/foaf/0.1#WenXu
http://confOf#PCM(1)-2004,http://ekaw#PCM(1)-2004
http://xmlns.com/foaf/0.1#TimothyArndt,http://xmlns.com/foaf/0.1#TimothyArndt
http://confOf#PVM/MPI-1997,http://ekaw#PVM/MPI-1997
http://confOf#WLP-2000,http://ekaw#WLP-2000
http://xmlns.com/foaf/0.1#KonstantinosTatas,http://xmlns.com/foaf/0.1#KonstantinosTatas
http://confOf#paper293,http://ekaw#paper489
http://xmlns.com/foaf/0.1#TokihiroMiyo,http://xmlns.com/foaf/0.1#TokihiroMiyo
http://xmlns.com/foaf/0.1#GiordanoLanzola,http://xmlns.com/foaf/0.1#GiordanoLanzola
http://xmlns.com/foaf/0.1#YaliZhu,http://xmlns.com/foaf/0.1#YaliZhu
http://xmlns.com/foaf/0.1#RanjitNair,http://xmlns.com/foaf/0.1#RanjitNair
http://xmlns.com/foaf/0.1#SlobodanVucetic,http://xmlns.com/foaf/0.1#SlobodanVucetic
http://xmlns.com/foaf/0.1#AntonioLagan,http://xmlns.com/foaf/0.1#AntonioLagan
http://xmlns.com/foaf/0.1#NoboruOhnishi,http://xmlns.com/foaf/0.1#NoboruOhnishi
http://xmlns.com/foaf/0.1#HirokiYano,http://xmlns.com/foaf/0.1#HirokiYano
http://confOf#paper244,http://ekaw#paper440
http://confOf#CP-2002,http://ekaw#CP-2002
http://xmlns.com/foaf/0.1#YuichiIshikawa,http://xmlns.com/foaf/0.1#YuichiIshikawa
http://xmlns.com/foaf/0.1#ElhamSafi,http://xmlns.com/foaf/0.1#ElhamSafi
http://confOf#paper236,http://ekaw#paper432
http://xmlns.com/foaf/0.1#DilmuratTilwaldi,http://xmlns.com/foaf/0.1#DilmuratTilwaldi
http://xmlns.com/foaf/0.1#WolfgangHansmann,http://xmlns.com/foaf/0.1#WolfgangHansmann
http://confOf#IIS-2003,http://ekaw#IIS-2003
http://xmlns.com/foaf/0.1#RobertoTorella,http://xmlns.com/foaf/0.1#RobertoTorella
http://xmlns.com/foaf/0.1#KyonghoMin,http://xmlns.com/foaf/0.1#KyonghoMin
http://xmlns.com/foaf/0.1#KazuakiNakajima,http://xmlns.com/foaf/0.1#KazuakiNakajima
http://confOf#PVM/MPI-1999,http://ekaw#PVM/MPI-1999
http://xmlns.com/foaf/0.1#PeterRumm,http://xmlns.com/foaf/0.1#PeterRumm
http://xmlns.com/foaf/0.1#ShiguangShan,http://xmlns.com/foaf/0.1#ShiguangShan
http://confOf#paper273,http://ekaw#paper469
http://xmlns.com/foaf/0.1#ShuzoKato,http://xmlns.com/foaf/0.1#ShuzoKato
http://xmlns.com/foaf/0.1#HildaHo,http://xmlns.com/foaf/0.1#HildaHo
http://xmlns.com/foaf/0.1#Z.Qiao,http://xmlns.com/foaf/0.1#Z.Qiao
http://confOf#PVM/MPI-2003,http://ekaw#PVM/MPI-2003
http://confOf#paper247,http://ekaw#paper443
http://xmlns.com/foaf/0.1#JuditRobu,http://xmlns.com/foaf/0.1#JuditRobu
http://confOf#ISMSE-2000,http://ekaw#ISMSE-2000
http://xmlns.com/foaf/0.1#NorbertSzyperski,http://xmlns.com/foaf/0.1#NorbertSzyperski
http://xmlns.com/foaf/0.1#KenjiMurakami,http://xmlns.com/foaf/0.1#KenjiMurakami
http://xmlns.com/foaf/0.1#AkinoriYonezawa,http://xmlns.com/foaf/0.1#AkinoriYonezawa
http://xmlns.com/foaf/0.1#GautamBiswas,http://xmlns.com/foaf/0.1#GautamBiswas
http://confOf#IV-2005,http://ekaw#IV-2005
http://xmlns.com/foaf/0.1#YanLu,http://xmlns.com/foaf/0.1#YanLu
http://confOf#CHI-1992,http://ekaw#CHI-1992
http://confOf#paper289,http://ekaw#paper485
http://xmlns.com/foaf/0.1#BalakrishnaKumthekar,http://xmlns.com/foaf/0.1#BalakrishnaKumthekar
http://confOf#paper277,http://ekaw#paper473
http://xmlns.com/foaf/0.1#VassilAlexandrow,http://xmlns.com/foaf/0.1#VassilAlexandrow
http://confOf#paper222,http://ekaw#paper418
http://xmlns.com/foaf/0.1#RayFord,http://xmlns.com/foaf/0.1#RayFord
http://confOf#paper290,http://ekaw#paper486
http://xmlns.com/foaf/0.1#BuntarouShizuki,http://xmlns.com/foaf/0.1#BuntarouShizuki
http://xmlns.com/foaf/0.1#MitsuhisaSato,http://xmlns.com/foaf/0.1#MitsuhisaSato
http://xmlns.com/foaf/0.1#PedramRiahi,http://xmlns.com/foaf/0.1#PedramRiahi
http://confOf#paper239,http://ekaw#paper435
http://xmlns.com/foaf/0.1#KoichiWada,http://xmlns.com/foaf/0.1#KoichiWada
http://confOf#MTV-2003,http://ekaw#MTV-2003
http://confOf#paper240,http://ekaw#paper436
http://confOf#paper283,http://ekaw#paper479
http://xmlns.com/foaf/0.1#MaghsoudAbbaspour,http://xmlns.com/foaf/0.1#MaghsoudAbbaspour
http://confOf#IKE-2004,http://ekaw#IKE-2004
http://confOf#paper213,http://ekaw#paper409
http://xmlns.com/foaf/0.1#OlaAngelsmark,http://xmlns.com/foaf/0.1#OlaAngelsmark
http://xmlns.com/foaf/0.1#AdoniosThanailakis,http://xmlns.com/foaf/0.1#AdoniosThanailakis
http://confOf#paper257,http://ekaw#paper453
http://xmlns.com/foaf/0.1#ShinTakahashi,http://xmlns.com/foaf/0.1#ShinTakahashi
http://confOf#paper224,http://ekaw#paper420
http://confOf#paper217,http://ekaw#paper413
http://xmlns.com/foaf/0.1#AsumanDogac,http://xmlns.com/foaf/0.1#AsumanDogac
http://confOf#FPL-1996,http://ekaw#FPL-1996
http://xmlns.com/foaf/0.1#MarkkuTukiainen,http://xmlns.com/foaf/0.1#MarkkuTukiainen
http://xmlns.com/foaf/0.1#WolfgangBanzhaf,http://xmlns.com/foaf/0.1#WolfgangBanzhaf
http://confOf#ACCV(1)-1998,http://ekaw#ACCV(1)-1998
http://confOf#SDM-2003,http://ekaw#SDM-2003
http://xmlns.com/foaf/0.1#YildirayKabak,http://xmlns.com/foaf/0.1#YildirayKabak
http://confOf#ISW-1999,http://ekaw#ISW-1999
http://xmlns.com/foaf/0.1#PieroMussio,http://xmlns.com/foaf/0.1#PieroMussio
http://confOf#paper219,http://ekaw#paper415
http://confOf#DFT-1993,http://ekaw#DFT-1993
http://xmlns.com/foaf/0.1#C.Liao,http://xmlns.com/foaf/0.1#C.Liao
http://xmlns.com/foaf/0.1#BrunoRicc,http://xmlns.com/foaf/0.1#BrunoRicc
http://confOf#paper229,http://ekaw#paper425
http://xmlns.com/foaf/0.1#WeiWei,http://xmlns.com/foaf/0.1#WeiWei
http://xmlns.com/foaf/0.1#PieroOlivio,http://xmlns.com/foaf/0.1#PieroOlivio
http://confOf#paper248,http://ekaw#paper444
http://confOf#paper212,http://ekaw#paper408
http://confOf#paper278,http://ekaw#paper474
http://xmlns.com/foaf/0.1#KentaroOda,http://xmlns.com/foaf/0.1#KentaroOda
http://xmlns.com/foaf/0.1#ZainalabedinNavabi,http://xmlns.com/foaf/0.1#ZainalabedinNavabi
http://xmlns.com/foaf/0.1#SolomonAtnafu,http://xmlns.com/foaf/0.1#SolomonAtnafu
http://xmlns.com/foaf/0.1#Wen-ShyangHwang,http://xmlns.com/foaf/0.1#Wen-ShyangHwang
http://xmlns.com/foaf/0.1#MichaelAtwood,http://xmlns.com/foaf/0.1#MichaelAtwood
http://confOf#AISC-2004,http://ekaw#AISC-2004
http://confOf#IKE-2005,http://ekaw#IKE-2005
http://confOf#paper260,http://ekaw#paper456
http://xmlns.com/foaf/0.1#GuyMazar,http://xmlns.com/foaf/0.1#GuyMazar
http://confOf#paper266,http://ekaw#paper462
http://confOf#paper279,http://ekaw#paper475
http://xmlns.com/foaf/0.1#PanosConstantopoulos,http://xmlns.com/foaf/0.1#PanosConstantopoulos
http://xmlns.com/foaf/0.1#StavrosTripakis,http://xmlns.com/foaf/0.1#StavrosTripakis
