http://xmlns.com/foaf/0.1#AndrzejEhrenfeucht,http://xmlns.com/foaf/0.1#AndrzejEhrenfeucht
http://edas#AINA-2003,http://ekaw#AINA-2003
http://xmlns.com/foaf/0.1#HiroyukiKojima,http://xmlns.com/foaf/0.1#HiroyukiKojima
http://xmlns.com/foaf/0.1#TimothyArndt,http://xmlns.com/foaf/0.1#TimothyArndt
http://edas#paper313,http://ekaw#paper411
http://xmlns.com/foaf/0.1#KedarDhamdhere,http://xmlns.com/foaf/0.1#KedarDhamdhere
http://xmlns.com/foaf/0.1#GeraldSullivan,http://xmlns.com/foaf/0.1#GeraldSullivan
http://xmlns.com/foaf/0.1#Jeong-HyunCho,http://xmlns.com/foaf/0.1#Jeong-HyunCho
http://edas#MTV-2003,http://ekaw#MTV-2003
http://xmlns.com/foaf/0.1#HilmarRauhe,http://xmlns.com/foaf/0.1#HilmarRauhe
http://edas#paper354,http://ekaw#paper452
http://edas#paper385,http://ekaw#paper483
http://edas#paper376,http://ekaw#paper474
http://xmlns.com/foaf/0.1#AntonioGarrido,http://xmlns.com/foaf/0.1#AntonioGarrido
http://edas#ICN(1)-2005,http://ekaw#ICN(1)-2005
http://edas#CP-2002,http://ekaw#CP-2002
http://edas#IKE-2004,http://ekaw#IKE-2004
http://xmlns.com/foaf/0.1#ToshiakiMiyazaki,http://xmlns.com/foaf/0.1#ToshiakiMiyazaki
http://xmlns.com/foaf/0.1#KennethFordyce,http://xmlns.com/foaf/0.1#KennethFordyce
http://xmlns.com/foaf/0.1#RajeshRaina,http://xmlns.com/foaf/0.1#RajeshRaina
http://xmlns.com/foaf/0.1#LinXu,http://xmlns.com/foaf/0.1#LinXu
http://xmlns.com/foaf/0.1#TevfikBultan,http://xmlns.com/foaf/0.1#TevfikBultan
http://edas#LCN-2001,http://ekaw#LCN-2001
http://xmlns.com/foaf/0.1#PanosConstantopoulos,http://xmlns.com/foaf/0.1#PanosConstantopoulos
http://xmlns.com/foaf/0.1#DietrichSeibt,http://xmlns.com/foaf/0.1#DietrichSeibt
http://edas#paper387,http://ekaw#paper485
http://xmlns.com/foaf/0.1#NadiaBianchi,http://xmlns.com/foaf/0.1#NadiaBianchi
http://xmlns.com/foaf/0.1#Sung-ChuanFang,http://xmlns.com/foaf/0.1#Sung-ChuanFang
http://xmlns.com/foaf/0.1#StephenHarrison,http://xmlns.com/foaf/0.1#StephenHarrison
http://edas#BTW-1991,http://ekaw#BTW-1991
http://edas#paper332,http://ekaw#paper430
http://edas#paper312,http://ekaw#paper410
http://xmlns.com/foaf/0.1#WolfgangBanzhaf,http://xmlns.com/foaf/0.1#WolfgangBanzhaf
http://edas#ISW-1999,http://ekaw#ISW-1999
http://edas#WLP-2000,http://ekaw#WLP-2000
http://xmlns.com/foaf/0.1#RicardoCamarero,http://xmlns.com/foaf/0.1#RicardoCamarero
http://xmlns.com/foaf/0.1#DilmuratTilwaldi,http://xmlns.com/foaf/0.1#DilmuratTilwaldi
http://xmlns.com/foaf/0.1#NorbertSzyperski,http://xmlns.com/foaf/0.1#NorbertSzyperski
http://xmlns.com/foaf/0.1#OsamuKakusho,http://xmlns.com/foaf/0.1#OsamuKakusho
http://xmlns.com/foaf/0.1#Yao-WenChang,http://xmlns.com/foaf/0.1#Yao-WenChang
http://xmlns.com/foaf/0.1#RayFord,http://xmlns.com/foaf/0.1#RayFord
http://xmlns.com/foaf/0.1#ShervinSharifi,http://xmlns.com/foaf/0.1#ShervinSharifi
http://xmlns.com/foaf/0.1#DylanSchmorrow,http://xmlns.com/foaf/0.1#DylanSchmorrow
http://xmlns.com/foaf/0.1#SwarupBhunia,http://xmlns.com/foaf/0.1#SwarupBhunia
http://xmlns.com/foaf/0.1#DavidCoquil,http://xmlns.com/foaf/0.1#DavidCoquil
http://edas#paper324,http://ekaw#paper422
http://xmlns.com/foaf/0.1#SangmoonLee,http://xmlns.com/foaf/0.1#SangmoonLee
http://xmlns.com/foaf/0.1#NicolasSpyratos,http://xmlns.com/foaf/0.1#NicolasSpyratos
http://xmlns.com/foaf/0.1#Jun-taoGuo,http://xmlns.com/foaf/0.1#Jun-taoGuo
http://xmlns.com/foaf/0.1#GregNoeninckx,http://xmlns.com/foaf/0.1#GregNoeninckx
http://xmlns.com/foaf/0.1#VassilAlexandrow,http://xmlns.com/foaf/0.1#VassilAlexandrow
http://xmlns.com/foaf/0.1#GuyMazar,http://xmlns.com/foaf/0.1#GuyMazar
http://xmlns.com/foaf/0.1#KaushikRoy,http://xmlns.com/foaf/0.1#KaushikRoy
http://xmlns.com/foaf/0.1#KoichiWada,http://xmlns.com/foaf/0.1#KoichiWada
http://edas#AINA(2)-2004,http://ekaw#AINA(2)-2004
http://xmlns.com/foaf/0.1#RichardHull,http://xmlns.com/foaf/0.1#RichardHull
http://edas#AAAI-2004,http://ekaw#AAAI-2004
http://edas#PVM/MPI-1997,http://ekaw#PVM/MPI-1997
http://xmlns.com/foaf/0.1#KentaroOda,http://xmlns.com/foaf/0.1#KentaroOda
http://xmlns.com/foaf/0.1#ManiSoma,http://xmlns.com/foaf/0.1#ManiSoma
http://xmlns.com/foaf/0.1#DominikSlezak,http://xmlns.com/foaf/0.1#DominikSlezak
http://edas#paper337,http://ekaw#paper435
http://xmlns.com/foaf/0.1#MakotoSato,http://xmlns.com/foaf/0.1#MakotoSato
http://xmlns.com/foaf/0.1#UriLerner,http://xmlns.com/foaf/0.1#UriLerner
http://xmlns.com/foaf/0.1#SetsuoOhsuga,http://xmlns.com/foaf/0.1#SetsuoOhsuga
http://xmlns.com/foaf/0.1#AlicjaWieczorkowska,http://xmlns.com/foaf/0.1#AlicjaWieczorkowska
http://xmlns.com/foaf/0.1#PiotrSynak,http://xmlns.com/foaf/0.1#PiotrSynak
http://edas#DAC-1998,http://ekaw#DAC-1998
http://xmlns.com/foaf/0.1#HirohideEndoh,http://xmlns.com/foaf/0.1#HirohideEndoh
http://xmlns.com/foaf/0.1#WenXu,http://xmlns.com/foaf/0.1#WenXu
http://xmlns.com/foaf/0.1#MarioStefanelli,http://xmlns.com/foaf/0.1#MarioStefanelli
http://xmlns.com/foaf/0.1#MartinDoerr,http://xmlns.com/foaf/0.1#MartinDoerr
http://xmlns.com/foaf/0.1#MatteoSereno,http://xmlns.com/foaf/0.1#MatteoSereno
http://edas#paper371,http://ekaw#paper469
http://xmlns.com/foaf/0.1#TomonariKamba,http://xmlns.com/foaf/0.1#TomonariKamba
http://xmlns.com/foaf/0.1#SungjunPark,http://xmlns.com/foaf/0.1#SungjunPark
http://edas#paper329,http://ekaw#paper427
http://xmlns.com/foaf/0.1#KenjiMurakami,http://xmlns.com/foaf/0.1#KenjiMurakami
http://xmlns.com/foaf/0.1#YingXu,http://xmlns.com/foaf/0.1#YingXu
http://edas#SEM-2005,http://ekaw#SEM-2005
http://xmlns.com/foaf/0.1#VasantHonavar,http://xmlns.com/foaf/0.1#VasantHonavar
http://xmlns.com/foaf/0.1#ShunIdo,http://xmlns.com/foaf/0.1#ShunIdo
http://xmlns.com/foaf/0.1#BoCao,http://xmlns.com/foaf/0.1#BoCao
http://xmlns.com/foaf/0.1#ShuzoKato,http://xmlns.com/foaf/0.1#ShuzoKato
http://xmlns.com/foaf/0.1#HongMei,http://xmlns.com/foaf/0.1#HongMei
http://xmlns.com/foaf/0.1#NoboruSugie,http://xmlns.com/foaf/0.1#NoboruSugie
http://edas#AISC-2004,http://ekaw#AISC-2004
http://xmlns.com/foaf/0.1#RomanBednarik,http://xmlns.com/foaf/0.1#RomanBednarik
http://xmlns.com/foaf/0.1#DonatoMalerba,http://xmlns.com/foaf/0.1#DonatoMalerba
http://edas#AAAI/IAAI-2000,http://ekaw#AAAI/IAAI-2000
http://edas#paper370,http://ekaw#paper468
http://edas#paper331,http://ekaw#paper429
http://xmlns.com/foaf/0.1#PeterHorwood,http://xmlns.com/foaf/0.1#PeterHorwood
http://xmlns.com/foaf/0.1#BuntarouShizuki,http://xmlns.com/foaf/0.1#BuntarouShizuki
http://xmlns.com/foaf/0.1#InhwanLee,http://xmlns.com/foaf/0.1#InhwanLee
http://edas#DAC-2005,http://ekaw#DAC-2005
http://xmlns.com/foaf/0.1#MichaelAtwood,http://xmlns.com/foaf/0.1#MichaelAtwood
http://xmlns.com/foaf/0.1#BrunoRicc,http://xmlns.com/foaf/0.1#BrunoRicc
http://xmlns.com/foaf/0.1#ShuchiChawla,http://xmlns.com/foaf/0.1#ShuchiChawla
http://edas#paper377,http://ekaw#paper475
http://xmlns.com/foaf/0.1#SlobodanVucetic,http://xmlns.com/foaf/0.1#SlobodanVucetic
http://xmlns.com/foaf/0.1#TomoyukiFujita,http://xmlns.com/foaf/0.1#TomoyukiFujita
http://edas#paper381,http://ekaw#paper479
http://xmlns.com/foaf/0.1#RonShamir,http://xmlns.com/foaf/0.1#RonShamir
http://xmlns.com/foaf/0.1#DanieleManini,http://xmlns.com/foaf/0.1#DanieleManini
http://edas#ISI-2005,http://ekaw#ISI-2005
http://edas#PCM(1)-2004,http://ekaw#PCM(1)-2004
http://xmlns.com/foaf/0.1#YoubinChen,http://xmlns.com/foaf/0.1#YoubinChen
http://edas#VL-1998,http://ekaw#VL-1998
http://edas#PVM/MPI-1999,http://ekaw#PVM/MPI-1999
http://xmlns.com/foaf/0.1#StefanWoltran,http://xmlns.com/foaf/0.1#StefanWoltran
http://edas#ITC-1986,http://ekaw#ITC-1986
http://xmlns.com/foaf/0.1#WolfgangHansmann,http://xmlns.com/foaf/0.1#WolfgangHansmann
http://edas#paper302,http://ekaw#paper400
http://xmlns.com/foaf/0.1#YaodongFeng,http://xmlns.com/foaf/0.1#YaodongFeng
http://xmlns.com/foaf/0.1#AlfonsKemper,http://xmlns.com/foaf/0.1#AlfonsKemper
http://xmlns.com/foaf/0.1#MaritaFranzke,http://xmlns.com/foaf/0.1#MaritaFranzke
http://edas#paper352,http://ekaw#paper450
http://edas#AIME-1997,http://ekaw#AIME-1997
http://xmlns.com/foaf/0.1#AntonioRiganelli,http://xmlns.com/foaf/0.1#AntonioRiganelli
http://edas#paper338,http://ekaw#paper436
http://edas#paper322,http://ekaw#paper413
http://edas#paper310,http://ekaw#paper408
http://edas#EJC-1998,http://ekaw#EJC-1998
http://edas#paper317,http://ekaw#paper415
http://xmlns.com/foaf/0.1#YildirayKabak,http://xmlns.com/foaf/0.1#YildirayKabak
http://xmlns.com/foaf/0.1#SeungjooKim,http://xmlns.com/foaf/0.1#SeungjooKim
http://edas#paper311,http://ekaw#paper409
http://edas#ESA-2003,http://ekaw#ESA-2003
http://xmlns.com/foaf/0.1#Jung-hoonKwon,http://xmlns.com/foaf/0.1#Jung-hoonKwon
http://edas#paper364,http://ekaw#paper462
http://edas#paper325,http://ekaw#paper423
http://edas#ICC-1986,http://ekaw#ICC-1986
http://xmlns.com/foaf/0.1#Chih-TsunHuang,http://xmlns.com/foaf/0.1#Chih-TsunHuang
http://xmlns.com/foaf/0.1#SvanteLinusson,http://xmlns.com/foaf/0.1#SvanteLinusson
http://edas#SDM-2003,http://ekaw#SDM-2003
http://edas#DFT-1993,http://ekaw#DFT-1993
http://xmlns.com/foaf/0.1#ZdenekPohl,http://xmlns.com/foaf/0.1#ZdenekPohl
http://xmlns.com/foaf/0.1#WhieChang,http://xmlns.com/foaf/0.1#WhieChang
http://xmlns.com/foaf/0.1#MingChen,http://xmlns.com/foaf/0.1#MingChen
http://xmlns.com/foaf/0.1#DougMirizzi,http://xmlns.com/foaf/0.1#DougMirizzi
http://edas#paper345,http://ekaw#paper443
http://xmlns.com/foaf/0.1#WeiLiu,http://xmlns.com/foaf/0.1#WeiLiu
http://xmlns.com/foaf/0.1#J.Johansson,http://xmlns.com/foaf/0.1#J.Johansson
http://xmlns.com/foaf/0.1#PengWang,http://xmlns.com/foaf/0.1#PengWang
http://edas#ICC(2)-2000,http://ekaw#ICC(2)-2000
http://xmlns.com/foaf/0.1#RossanoGaeta,http://xmlns.com/foaf/0.1#RossanoGaeta
http://xmlns.com/foaf/0.1#RanieriBaraglia,http://xmlns.com/foaf/0.1#RanieriBaraglia
http://xmlns.com/foaf/0.1#KyonghoMin,http://xmlns.com/foaf/0.1#KyonghoMin
http://edas#PCM(2)-2004,http://ekaw#PCM(2)-2004
http://edas#paper357,http://ekaw#paper455
http://edas#CPM-1999,http://ekaw#CPM-1999
http://edas#DFT-2004,http://ekaw#DFT-2004
http://xmlns.com/foaf/0.1#HirokiYano,http://xmlns.com/foaf/0.1#HirokiYano
http://edas#paper334,http://ekaw#paper432
http://xmlns.com/foaf/0.1#PedramRiahi,http://xmlns.com/foaf/0.1#PedramRiahi
http://xmlns.com/foaf/0.1#GrzegorzRozenberg,http://xmlns.com/foaf/0.1#GrzegorzRozenberg
http://xmlns.com/foaf/0.1#StefanoCaldrer,http://xmlns.com/foaf/0.1#StefanoCaldrer
http://xmlns.com/foaf/0.1#Ce-KuenShieh,http://xmlns.com/foaf/0.1#Ce-KuenShieh
http://xmlns.com/foaf/0.1#LuisOrozco-Barbosa,http://xmlns.com/foaf/0.1#LuisOrozco-Barbosa
http://edas#paper372,http://ekaw#paper470
http://edas#paper360,http://ekaw#paper458
http://xmlns.com/foaf/0.1#F.Su,http://xmlns.com/foaf/0.1#F.Su
http://edas#ICATPN-2003,http://ekaw#ICATPN-2003
http://xmlns.com/foaf/0.1#MasahiroMambo,http://xmlns.com/foaf/0.1#MasahiroMambo
http://xmlns.com/foaf/0.1#MaghsoudAbbaspour,http://xmlns.com/foaf/0.1#MaghsoudAbbaspour
http://xmlns.com/foaf/0.1#PeterRumm,http://xmlns.com/foaf/0.1#PeterRumm
http://edas#paper339,http://ekaw#paper437
http://edas#paper391,http://ekaw#paper489
http://edas#ITC-2002,http://ekaw#ITC-2002
http://edas#KI-2005,http://ekaw#KI-2005
http://edas#ICGT-2004,http://ekaw#ICGT-2004
http://xmlns.com/foaf/0.1#X.Zhou,http://xmlns.com/foaf/0.1#X.Zhou
http://xmlns.com/foaf/0.1#Jeong-inLee,http://xmlns.com/foaf/0.1#Jeong-inLee
http://edas#ACCV(2)-1998,http://ekaw#ACCV(2)-1998
http://xmlns.com/foaf/0.1#AsumanDogac,http://xmlns.com/foaf/0.1#AsumanDogac
http://xmlns.com/foaf/0.1#Young-HoChai,http://xmlns.com/foaf/0.1#Young-HoChai
http://xmlns.com/foaf/0.1#ArijitRaychowdhury,http://xmlns.com/foaf/0.1#ArijitRaychowdhury
http://xmlns.com/foaf/0.1#Wu-ShiungFeng,http://xmlns.com/foaf/0.1#Wu-ShiungFeng
http://xmlns.com/foaf/0.1#MasahiroTabuchi,http://xmlns.com/foaf/0.1#MasahiroTabuchi
http://xmlns.com/foaf/0.1#YupinLuo,http://xmlns.com/foaf/0.1#YupinLuo
http://edas#VL/HCC-2005,http://ekaw#VL/HCC-2005
http://xmlns.com/foaf/0.1#RobinJeffries,http://xmlns.com/foaf/0.1#RobinJeffries
http://xmlns.com/foaf/0.1#UmbertoVillano,http://xmlns.com/foaf/0.1#UmbertoVillano
http://edas#APL-1991,http://ekaw#APL-1991
http://edas#paper384,http://ekaw#paper482
http://xmlns.com/foaf/0.1#MartinSweeting,http://xmlns.com/foaf/0.1#MartinSweeting
http://edas#paper316,http://ekaw#paper414
http://xmlns.com/foaf/0.1#KimioKawaguchi,http://xmlns.com/foaf/0.1#KimioKawaguchi
http://edas#ECI-1978,http://ekaw#ECI-1978
http://xmlns.com/foaf/0.1#YolandaGil,http://xmlns.com/foaf/0.1#YolandaGil
http://xmlns.com/foaf/0.1#KuniakiUehara,http://xmlns.com/foaf/0.1#KuniakiUehara
http://xmlns.com/foaf/0.1#TakuoSuganuma,http://xmlns.com/foaf/0.1#TakuoSuganuma
http://edas#FPL-2003,http://ekaw#FPL-2003
http://xmlns.com/foaf/0.1#AkinoriYonezawa,http://xmlns.com/foaf/0.1#AkinoriYonezawa
http://xmlns.com/foaf/0.1#JanJantzen,http://xmlns.com/foaf/0.1#JanJantzen
http://edas#paper326,http://ekaw#paper438
http://xmlns.com/foaf/0.1#YaliZhu,http://xmlns.com/foaf/0.1#YaliZhu
http://edas#IKE-2005,http://ekaw#IKE-2005
http://edas#paper330,http://ekaw#paper428
http://xmlns.com/foaf/0.1#LingLu,http://xmlns.com/foaf/0.1#LingLu
http://xmlns.com/foaf/0.1#Marie-GabrielleVallet,http://xmlns.com/foaf/0.1#Marie-GabrielleVallet
http://xmlns.com/foaf/0.1#DaphneKoller,http://xmlns.com/foaf/0.1#DaphneKoller
http://edas#paper341,http://ekaw#paper439
http://xmlns.com/foaf/0.1#RandyGoebel,http://xmlns.com/foaf/0.1#RandyGoebel
http://xmlns.com/foaf/0.1#YongsubKim,http://xmlns.com/foaf/0.1#YongsubKim
http://edas#IIS-2003,http://ekaw#IIS-2003
http://edas#paper367,http://ekaw#paper465
http://xmlns.com/foaf/0.1#YoushouWu,http://xmlns.com/foaf/0.1#YoushouWu
http://xmlns.com/foaf/0.1#SaddekBensalem,http://xmlns.com/foaf/0.1#SaddekBensalem
http://xmlns.com/foaf/0.1#Sung-HoKim,http://xmlns.com/foaf/0.1#Sung-HoKim
http://edas#paper318,http://ekaw#paper416
http://xmlns.com/foaf/0.1#Z.Qiao,http://xmlns.com/foaf/0.1#Z.Qiao
http://edas#WWWPosters-2001,http://ekaw#WWWPosters-2001
http://edas#ITC-2001,http://ekaw#ITC-2001
http://edas#AINA-2005,http://ekaw#AINA-2005
http://edas#paper378,http://ekaw#paper476
http://xmlns.com/foaf/0.1#EnricoMacii,http://xmlns.com/foaf/0.1#EnricoMacii
http://xmlns.com/foaf/0.1#YuichiIshikawa,http://xmlns.com/foaf/0.1#YuichiIshikawa
http://edas#CSB-2004,http://ekaw#CSB-2004
http://edas#IMR-2004,http://ekaw#IMR-2004
http://xmlns.com/foaf/0.1#TetsuoKinoshita,http://xmlns.com/foaf/0.1#TetsuoKinoshita
http://edas#paper296,http://ekaw#paper394
http://edas#paper390,http://ekaw#paper488
http://edas#CP-1996,http://ekaw#CP-1996
http://xmlns.com/foaf/0.1#Chih-PingLuo,http://xmlns.com/foaf/0.1#Chih-PingLuo
http://xmlns.com/foaf/0.1#HongboXie,http://xmlns.com/foaf/0.1#HongboXie
http://xmlns.com/foaf/0.1#WillieBenitez,http://xmlns.com/foaf/0.1#WillieBenitez
http://xmlns.com/foaf/0.1#ZainalabedinNavabi,http://xmlns.com/foaf/0.1#ZainalabedinNavabi
http://edas#DAC-1995,http://ekaw#DAC-1995
http://xmlns.com/foaf/0.1#JanghoonLyu,http://xmlns.com/foaf/0.1#JanghoonLyu
http://xmlns.com/foaf/0.1#MasayukiYuguchi,http://xmlns.com/foaf/0.1#MasayukiYuguchi
http://xmlns.com/foaf/0.1#GianniFerraro,http://xmlns.com/foaf/0.1#GianniFerraro
http://xmlns.com/foaf/0.1#FranciscoDelicado,http://xmlns.com/foaf/0.1#FranciscoDelicado
http://xmlns.com/foaf/0.1#JuditRobu,http://xmlns.com/foaf/0.1#JuditRobu
http://edas#paper365,http://ekaw#paper463
http://xmlns.com/foaf/0.1#JosephCohn,http://xmlns.com/foaf/0.1#JosephCohn
http://edas#VMV-2002,http://ekaw#VMV-2002
http://xmlns.com/foaf/0.1#YunqingXia,http://xmlns.com/foaf/0.1#YunqingXia
http://edas#paper356,http://ekaw#paper454
http://xmlns.com/foaf/0.1#MonicaSebillo,http://xmlns.com/foaf/0.1#MonicaSebillo
http://xmlns.com/foaf/0.1#StavrosTripakis,http://xmlns.com/foaf/0.1#StavrosTripakis
http://edas#ISMSE-2000,http://ekaw#ISMSE-2000
http://edas#paper297,http://ekaw#paper395
http://edas#paper308,http://ekaw#paper406
http://edas#paper321,http://ekaw#paper419
http://xmlns.com/foaf/0.1#JianWang,http://xmlns.com/foaf/0.1#JianWang
http://edas#paper309,http://ekaw#paper407
http://xmlns.com/foaf/0.1#Tsung-YiHo,http://xmlns.com/foaf/0.1#Tsung-YiHo
http://xmlns.com/foaf/0.1#TetsuoIda,http://xmlns.com/foaf/0.1#TetsuoIda
http://xmlns.com/foaf/0.1#BrunoBuchberger,http://xmlns.com/foaf/0.1#BrunoBuchberger
http://edas#paper327,http://ekaw#paper425
http://xmlns.com/foaf/0.1#RobertoTorella,http://xmlns.com/foaf/0.1#RobertoTorella
http://edas#paper373,http://ekaw#paper471
http://edas#AAAI-2005,http://ekaw#AAAI-2005
http://xmlns.com/foaf/0.1#ZoranObradovic,http://xmlns.com/foaf/0.1#ZoranObradovic
http://edas#paper346,http://ekaw#paper444
http://edas#VDB-1995,http://ekaw#VDB-1995
http://xmlns.com/foaf/0.1#RodedSharan,http://xmlns.com/foaf/0.1#RodedSharan
http://xmlns.com/foaf/0.1#VincenzoColonna,http://xmlns.com/foaf/0.1#VincenzoColonna
http://xmlns.com/foaf/0.1#HyeonBae,http://xmlns.com/foaf/0.1#HyeonBae
http://xmlns.com/foaf/0.1#Rung-ShiangCheng,http://xmlns.com/foaf/0.1#Rung-ShiangCheng
http://xmlns.com/foaf/0.1#YongseokChang,http://xmlns.com/foaf/0.1#YongseokChang
http://xmlns.com/foaf/0.1#MichelangeloCeci,http://xmlns.com/foaf/0.1#MichelangeloCeci
http://edas#paper319,http://ekaw#paper417
http://edas#paper389,http://ekaw#paper487
http://xmlns.com/foaf/0.1#Feng-JenKuo,http://xmlns.com/foaf/0.1#Feng-JenKuo
http://edas#paper303,http://ekaw#paper401
http://xmlns.com/foaf/0.1#RattapoomTuchinda,http://xmlns.com/foaf/0.1#RattapoomTuchinda
http://edas#LCN-2004,http://ekaw#LCN-2004
http://xmlns.com/foaf/0.1#HideoTodokoro,http://xmlns.com/foaf/0.1#HideoTodokoro
http://edas#WG-1997,http://ekaw#WG-1997
http://xmlns.com/foaf/0.1#GiordanoLanzola,http://xmlns.com/foaf/0.1#GiordanoLanzola
http://xmlns.com/foaf/0.1#DaleOhmart,http://xmlns.com/foaf/0.1#DaleOhmart
http://xmlns.com/foaf/0.1#HongyangQu,http://xmlns.com/foaf/0.1#HongyangQu
http://xmlns.com/foaf/0.1#UdoFeldkamp,http://xmlns.com/foaf/0.1#UdoFeldkamp
http://edas#SLP-1984,http://ekaw#SLP-1984
http://xmlns.com/foaf/0.1#C.Liao,http://xmlns.com/foaf/0.1#C.Liao
http://xmlns.com/foaf/0.1#TheodorosKaroubalis,http://xmlns.com/foaf/0.1#TheodorosKaroubalis
http://edas#PVM/MPI-1998,http://ekaw#PVM/MPI-1998
http://xmlns.com/foaf/0.1#ErkkiSutinen,http://xmlns.com/foaf/0.1#ErkkiSutinen
http://xmlns.com/foaf/0.1#MilindTambe,http://xmlns.com/foaf/0.1#MilindTambe
http://edas#VR-2001,http://ekaw#VR-2001
http://xmlns.com/foaf/0.1#EmilioMancini,http://xmlns.com/foaf/0.1#EmilioMancini
http://xmlns.com/foaf/0.1#NaohisaOhta,http://xmlns.com/foaf/0.1#NaohisaOhta
http://edas#paper363,http://ekaw#paper461
http://edas#paper383,http://ekaw#paper481
http://xmlns.com/foaf/0.1#TakekiYazaki,http://xmlns.com/foaf/0.1#TakekiYazaki
http://edas#ITC-1992,http://ekaw#ITC-1992
http://xmlns.com/foaf/0.1#DavidThompson,http://xmlns.com/foaf/0.1#DavidThompson
http://xmlns.com/foaf/0.1#ElhamSafi,http://xmlns.com/foaf/0.1#ElhamSafi
http://edas#ER-1999,http://ekaw#ER-1999
http://edas#paper361,http://ekaw#paper459
http://xmlns.com/foaf/0.1#JiangtaoYu,http://xmlns.com/foaf/0.1#JiangtaoYu
http://edas#paper307,http://ekaw#paper405
http://edas#ACCV(1)-1998,http://ekaw#ACCV(1)-1998
http://edas#AISA-2002,http://ekaw#AISA-2002
http://edas#paper306,http://ekaw#paper404
http://xmlns.com/foaf/0.1#ZhaoxiaJin,http://xmlns.com/foaf/0.1#ZhaoxiaJin
http://xmlns.com/foaf/0.1#MakotoYokoo,http://xmlns.com/foaf/0.1#MakotoYokoo
http://xmlns.com/foaf/0.1#FrankKolf,http://xmlns.com/foaf/0.1#FrankKolf
http://edas#paper315,http://ekaw#paper420
http://edas#paper300,http://ekaw#paper398
http://xmlns.com/foaf/0.1#BalakrishnaKumthekar,http://xmlns.com/foaf/0.1#BalakrishnaKumthekar
http://edas#SAC-1996,http://ekaw#SAC-1996
http://xmlns.com/foaf/0.1#FaraydonKarim,http://xmlns.com/foaf/0.1#FaraydonKarim
http://xmlns.com/foaf/0.1#M.Theodorakis,http://xmlns.com/foaf/0.1#M.Theodorakis
http://xmlns.com/foaf/0.1#GokceLaleci,http://xmlns.com/foaf/0.1#GokceLaleci
http://xmlns.com/foaf/0.1#NoboruOhnishi,http://xmlns.com/foaf/0.1#NoboruOhnishi
http://xmlns.com/foaf/0.1#CathleenWharton,http://xmlns.com/foaf/0.1#CathleenWharton
http://xmlns.com/foaf/0.1#PieroMussio,http://xmlns.com/foaf/0.1#PieroMussio
http://xmlns.com/foaf/0.1#DomenicoLaforenza,http://xmlns.com/foaf/0.1#DomenicoLaforenza
http://edas#SIP-1999,http://ekaw#SIP-1999
http://xmlns.com/foaf/0.1#VittorioMurino,http://xmlns.com/foaf/0.1#VittorioMurino
http://xmlns.com/foaf/0.1#Kwang-BaekKim,http://xmlns.com/foaf/0.1#Kwang-BaekKim
http://edas#FPL-2005,http://ekaw#FPL-2005
http://xmlns.com/foaf/0.1#Cheng-WenWu,http://xmlns.com/foaf/0.1#Cheng-WenWu
http://xmlns.com/foaf/0.1#StephenHodgart,http://xmlns.com/foaf/0.1#StephenHodgart
http://xmlns.com/foaf/0.1#MitsuhisaSato,http://xmlns.com/foaf/0.1#MitsuhisaSato
http://edas#TES-2002,http://ekaw#TES-2002
http://xmlns.com/foaf/0.1#HansTompits,http://xmlns.com/foaf/0.1#HansTompits
http://xmlns.com/foaf/0.1#YoshihiroMizuno,http://xmlns.com/foaf/0.1#YoshihiroMizuno
http://edas#paper348,http://ekaw#paper446
http://edas#IV-2005,http://ekaw#IV-2005
http://xmlns.com/foaf/0.1#WenGao,http://xmlns.com/foaf/0.1#WenGao
http://xmlns.com/foaf/0.1#KonstantinosTatas,http://xmlns.com/foaf/0.1#KonstantinosTatas
http://xmlns.com/foaf/0.1#YoshiyukiYashima,http://xmlns.com/foaf/0.1#YoshiyukiYashima
http://xmlns.com/foaf/0.1#WallapakTavanapong,http://xmlns.com/foaf/0.1#WallapakTavanapong
http://xmlns.com/foaf/0.1#GautamBiswas,http://xmlns.com/foaf/0.1#GautamBiswas
http://edas#paper301,http://ekaw#paper399
http://edas#paper320,http://ekaw#paper418
http://xmlns.com/foaf/0.1#KellyNasi,http://xmlns.com/foaf/0.1#KellyNasi
http://edas#WAA-2003,http://ekaw#WAA-2003
http://xmlns.com/foaf/0.1#MarcoProtti,http://xmlns.com/foaf/0.1#MarcoProtti
http://edas#paper314,http://ekaw#paper412
http://xmlns.com/foaf/0.1#KazutoKamikura,http://xmlns.com/foaf/0.1#KazutoKamikura
http://edas#paper295,http://ekaw#paper393
http://edas#paper375,http://ekaw#paper473
http://xmlns.com/foaf/0.1#HuiZheng,http://xmlns.com/foaf/0.1#HuiZheng
http://edas#VL-1992,http://ekaw#VL-1992
http://xmlns.com/foaf/0.1#JessicaYan,http://xmlns.com/foaf/0.1#JessicaYan
http://edas#IFM-2005,http://ekaw#IFM-2005
http://xmlns.com/foaf/0.1#AdoniosThanailakis,http://xmlns.com/foaf/0.1#AdoniosThanailakis
http://edas#PCM(1)-2005,http://ekaw#PCM(1)-2005
http://xmlns.com/foaf/0.1#PranavAshar,http://xmlns.com/foaf/0.1#PranavAshar
http://xmlns.com/foaf/0.1#JunSawamoto,http://xmlns.com/foaf/0.1#JunSawamoto
http://edas#paper335,http://ekaw#paper433
http://xmlns.com/foaf/0.1#Ching-TangHsieh,http://xmlns.com/foaf/0.1#Ching-TangHsieh
http://xmlns.com/foaf/0.1#ZijiangYang,http://xmlns.com/foaf/0.1#ZijiangYang
http://xmlns.com/foaf/0.1#AnastasiaAnalyti,http://xmlns.com/foaf/0.1#AnastasiaAnalyti
http://edas#DAC-2001,http://ekaw#DAC-2001
http://xmlns.com/foaf/0.1#RobertBreaux,http://xmlns.com/foaf/0.1#RobertBreaux
http://edas#paper323,http://ekaw#paper421
http://edas#FPL-1996,http://ekaw#FPL-1996
http://edas#LCR-2000,http://ekaw#LCR-2000
http://xmlns.com/foaf/0.1#AntonioLagan,http://xmlns.com/foaf/0.1#AntonioLagan
http://edas#HCI(1)-1999,http://ekaw#HCI(1)-1999
http://xmlns.com/foaf/0.1#SigeyukiHosoki,http://xmlns.com/foaf/0.1#SigeyukiHosoki
http://edas#KDD-1997,http://ekaw#KDD-1997
http://xmlns.com/foaf/0.1#TokihiroMiyo,http://xmlns.com/foaf/0.1#TokihiroMiyo
http://xmlns.com/foaf/0.1#YanLu,http://xmlns.com/foaf/0.1#YanLu
http://xmlns.com/foaf/0.1#AmirBen-Dor,http://xmlns.com/foaf/0.1#AmirBen-Dor
http://xmlns.com/foaf/0.1#WojciechRytter,http://xmlns.com/foaf/0.1#WojciechRytter
http://edas#paper351,http://ekaw#paper449
http://edas#ILPS-1995,http://ekaw#ILPS-1995
http://edas#paper362,http://ekaw#paper460
http://xmlns.com/foaf/0.1#NingZhong,http://xmlns.com/foaf/0.1#NingZhong
http://edas#AMFG-2003,http://ekaw#AMFG-2003
http://xmlns.com/foaf/0.1#Wen-ShyangHwang,http://xmlns.com/foaf/0.1#Wen-ShyangHwang
http://xmlns.com/foaf/0.1#KenjiIshii,http://xmlns.com/foaf/0.1#KenjiIshii
http://xmlns.com/foaf/0.1#MaxSchmautz,http://xmlns.com/foaf/0.1#MaxSchmautz
http://xmlns.com/foaf/0.1#WeiliRen,http://xmlns.com/foaf/0.1#WeiliRen
http://xmlns.com/foaf/0.1#YongmeiLiu,http://xmlns.com/foaf/0.1#YongmeiLiu
http://xmlns.com/foaf/0.1#SujitDey,http://xmlns.com/foaf/0.1#SujitDey
http://xmlns.com/foaf/0.1#EwaDeelman,http://xmlns.com/foaf/0.1#EwaDeelman
http://xmlns.com/foaf/0.1#PieroOlivio,http://xmlns.com/foaf/0.1#PieroOlivio
http://xmlns.com/foaf/0.1#AndreasZachmann,http://xmlns.com/foaf/0.1#AndreasZachmann
http://xmlns.com/foaf/0.1#OlaAngelsmark,http://xmlns.com/foaf/0.1#OlaAngelsmark
http://edas#paper368,http://ekaw#paper466
http://edas#paper382,http://ekaw#paper480
http://xmlns.com/foaf/0.1#Yen-LinPeng,http://xmlns.com/foaf/0.1#Yen-LinPeng
http://edas#paper353,http://ekaw#paper451
http://edas#paper374,http://ekaw#paper472
http://xmlns.com/foaf/0.1#Jia-HuaiYou,http://xmlns.com/foaf/0.1#Jia-HuaiYou
http://xmlns.com/foaf/0.1#DimitriosSoudris,http://xmlns.com/foaf/0.1#DimitriosSoudris
http://edas#paper369,http://ekaw#paper467
http://xmlns.com/foaf/0.1#KazuakiNakajima,http://xmlns.com/foaf/0.1#KazuakiNakajima
http://xmlns.com/foaf/0.1#NikhilBansal,http://xmlns.com/foaf/0.1#NikhilBansal
http://xmlns.com/foaf/0.1#HisaoKoizumi,http://xmlns.com/foaf/0.1#HisaoKoizumi
http://edas#paper344,http://ekaw#paper442
http://edas#paper386,http://ekaw#paper484
http://xmlns.com/foaf/0.1#YoshihiroYasutake,http://xmlns.com/foaf/0.1#YoshihiroYasutake
http://xmlns.com/foaf/0.1#EtsuyaShibayama,http://xmlns.com/foaf/0.1#EtsuyaShibayama
http://xmlns.com/foaf/0.1#Wai-KiangYeap,http://xmlns.com/foaf/0.1#Wai-KiangYeap
http://edas#paper304,http://ekaw#paper402
http://xmlns.com/foaf/0.1#TeroHarju,http://xmlns.com/foaf/0.1#TeroHarju
http://edas#paper349,http://ekaw#paper447
http://edas#paper333,http://ekaw#paper431
http://xmlns.com/foaf/0.1#YoshitsuguKakemoto,http://xmlns.com/foaf/0.1#YoshitsuguKakemoto
http://xmlns.com/foaf/0.1#SigemituSeitou,http://xmlns.com/foaf/0.1#SigemituSeitou
http://xmlns.com/foaf/0.1#SebastianHunt,http://xmlns.com/foaf/0.1#SebastianHunt
http://xmlns.com/foaf/0.1#JohanThapper,http://xmlns.com/foaf/0.1#JohanThapper
http://edas#DFT-2003,http://ekaw#DFT-2003
http://edas#paper380,http://ekaw#paper478
http://edas#paper355,http://ekaw#paper453
http://xmlns.com/foaf/0.1#AndreaFusiello,http://xmlns.com/foaf/0.1#AndreaFusiello
http://xmlns.com/foaf/0.1#AartiGupta,http://xmlns.com/foaf/0.1#AartiGupta
http://xmlns.com/foaf/0.1#ThomasHindelang,http://xmlns.com/foaf/0.1#ThomasHindelang
http://xmlns.com/foaf/0.1#SabinaFalasconi,http://xmlns.com/foaf/0.1#SabinaFalasconi
http://xmlns.com/foaf/0.1#Y.He,http://xmlns.com/foaf/0.1#Y.He
http://edas#HCI(1)-1997,http://ekaw#HCI(1)-1997
http://xmlns.com/foaf/0.1#M.Xia,http://xmlns.com/foaf/0.1#M.Xia
http://edas#SAC-2004,http://ekaw#SAC-2004
http://xmlns.com/foaf/0.1#JieBao,http://xmlns.com/foaf/0.1#JieBao
http://xmlns.com/foaf/0.1#ShiguangShan,http://xmlns.com/foaf/0.1#ShiguangShan
http://xmlns.com/foaf/0.1#MasahiroUmehira,http://xmlns.com/foaf/0.1#MasahiroUmehira
http://edas#CHI-1992,http://ekaw#CHI-1992
http://xmlns.com/foaf/0.1#JunjieYang,http://xmlns.com/foaf/0.1#JunjieYang
http://edas#paper392,http://ekaw#paper490
http://xmlns.com/foaf/0.1#GenoveffaTortora,http://xmlns.com/foaf/0.1#GenoveffaTortora
http://xmlns.com/foaf/0.1#JianwenSu,http://xmlns.com/foaf/0.1#JianwenSu
http://xmlns.com/foaf/0.1#YuanZhang,http://xmlns.com/foaf/0.1#YuanZhang
http://edas#paper305,http://ekaw#paper403
http://xmlns.com/foaf/0.1#KazutoshiWakabayashi,http://xmlns.com/foaf/0.1#KazutoshiWakabayashi
http://edas#AI*IA-2003,http://ekaw#AI*IA-2003
http://edas#paper379,http://ekaw#paper477
http://edas#DNA-2001,http://ekaw#DNA-2001
http://edas#DAC-1991,http://ekaw#DAC-1991
http://edas#PVM/MPI-2003,http://ekaw#PVM/MPI-2003
http://xmlns.com/foaf/0.1#WeiWei,http://xmlns.com/foaf/0.1#WeiWei
http://xmlns.com/foaf/0.1#Li-YanYuan,http://xmlns.com/foaf/0.1#Li-YanYuan
http://xmlns.com/foaf/0.1#Hans-DirkWalter,http://xmlns.com/foaf/0.1#Hans-DirkWalter
http://edas#paper347,http://ekaw#paper445
http://edas#paper343,http://ekaw#paper441
http://edas#paper298,http://ekaw#paper396
http://edas#paper359,http://ekaw#paper457
http://xmlns.com/foaf/0.1#SolomonAtnafu,http://xmlns.com/foaf/0.1#SolomonAtnafu
http://xmlns.com/foaf/0.1#ChoukiAktouf,http://xmlns.com/foaf/0.1#ChoukiAktouf
http://edas#DSN-2001,http://ekaw#DSN-2001
http://edas#paper299,http://ekaw#paper397
http://edas#paper328,http://ekaw#paper426
http://xmlns.com/foaf/0.1#YoshizumiTanaka,http://xmlns.com/foaf/0.1#YoshizumiTanaka
http://xmlns.com/foaf/0.1#DavidGilbert,http://xmlns.com/foaf/0.1#DavidGilbert
http://xmlns.com/foaf/0.1#AlanGibbons,http://xmlns.com/foaf/0.1#AlanGibbons
http://xmlns.com/foaf/0.1#Ko-FoaTchon,http://xmlns.com/foaf/0.1#Ko-FoaTchon
http://edas#paper342,http://ekaw#paper440
http://edas#paper366,http://ekaw#paper464
http://xmlns.com/foaf/0.1#Sao-JieChen,http://xmlns.com/foaf/0.1#Sao-JieChen
http://xmlns.com/foaf/0.1#RanjitNair,http://xmlns.com/foaf/0.1#RanjitNair
http://xmlns.com/foaf/0.1#MatthiasFrank,http://xmlns.com/foaf/0.1#MatthiasFrank
http://edas#paper340,http://ekaw#paper424
http://xmlns.com/foaf/0.1#DebinZhao,http://xmlns.com/foaf/0.1#DebinZhao
http://xmlns.com/foaf/0.1#UweEgly,http://xmlns.com/foaf/0.1#UweEgly
http://edas#ICC(1)-2000,http://ekaw#ICC(1)-2000
http://edas#ITC-1995,http://ekaw#ITC-1995
http://edas#paper336,http://ekaw#paper434
http://xmlns.com/foaf/0.1#MarkkuTukiainen,http://xmlns.com/foaf/0.1#MarkkuTukiainen
http://xmlns.com/foaf/0.1#QingjiZeng,http://xmlns.com/foaf/0.1#QingjiZeng
http://xmlns.com/foaf/0.1#MarcelloDalpasso,http://xmlns.com/foaf/0.1#MarcelloDalpasso
http://xmlns.com/foaf/0.1#TakaichiYoshida,http://xmlns.com/foaf/0.1#TakaichiYoshida
http://xmlns.com/foaf/0.1#QishanHuang,http://xmlns.com/foaf/0.1#QishanHuang
http://xmlns.com/foaf/0.1#XiaohuaHu,http://xmlns.com/foaf/0.1#XiaohuaHu
http://xmlns.com/foaf/0.1#VijayantPalaiya,http://xmlns.com/foaf/0.1#VijayantPalaiya
http://xmlns.com/foaf/0.1#ShaoshengLi,http://xmlns.com/foaf/0.1#ShaoshengLi
http://xmlns.com/foaf/0.1#FabioSomenzi,http://xmlns.com/foaf/0.1#FabioSomenzi
http://xmlns.com/foaf/0.1#MichaelJampel,http://xmlns.com/foaf/0.1#MichaelJampel
http://xmlns.com/foaf/0.1#Kam-FaiWong,http://xmlns.com/foaf/0.1#Kam-FaiWong
http://xmlns.com/foaf/0.1#MasakiKitahara,http://xmlns.com/foaf/0.1#MasakiKitahara
http://edas#WWW-2003,http://ekaw#WWW-2003
http://xmlns.com/foaf/0.1#LionelBrunie,http://xmlns.com/foaf/0.1#LionelBrunie
http://edas#paper350,http://ekaw#paper448
http://xmlns.com/foaf/0.1#RameshRao,http://xmlns.com/foaf/0.1#RameshRao
http://xmlns.com/foaf/0.1#JunichiToyoda,http://xmlns.com/foaf/0.1#JunichiToyoda
http://xmlns.com/foaf/0.1#HildaHo,http://xmlns.com/foaf/0.1#HildaHo
http://edas#paper358,http://ekaw#paper456
http://xmlns.com/foaf/0.1#ShinTakahashi,http://xmlns.com/foaf/0.1#ShinTakahashi
http://edas#paper388,http://ekaw#paper486
http://xmlns.com/foaf/0.1#Jang-MokKim,http://xmlns.com/foaf/0.1#Jang-MokKim
http://xmlns.com/foaf/0.1#HagbaeKim,http://xmlns.com/foaf/0.1#HagbaeKim
